X,Y
1.000000000000000000e+00,0.000000000000000000e+00
2.000000000000000000e+00,4.154926703792604314e+00
3.000000000000000000e+00,8.309853386548944343e+00
4.000000000000000000e+00,1.246478042692177368e+01
5.000000000000000000e+00,1.661970782491109233e+01
6.000000000000000000e+00,2.077463528600920029e+01
7.000000000000000000e+00,2.492956320990512253e+01
8.000000000000000000e+00,2.908449090240213408e+01
9.000000000000000000e+00,3.323941947842224209e+01
1.000000000000000000e+01,3.739434717091925364e+01
1.100000000000000000e+01,4.154927574693935810e+01
1.200000000000000000e+01,4.570420455435836971e+01
1.300000000000000000e+01,4.985913331970485274e+01
1.400000000000000000e+01,5.401406248474035010e+01
1.500000000000000000e+01,5.816899129215936171e+01
1.600000000000000000e+01,6.232392085688388050e+01
1.700000000000000000e+01,6.647885008502817072e+01
1.800000000000000000e+01,7.063377983907906810e+01
1.900000000000000000e+01,7.478870913033215118e+01
2.000000000000000000e+01,7.894363892645556291e+01
2.100000000000000000e+01,8.309856893294163172e+01
2.200000000000000000e+01,8.725349885528262917e+01
2.300000000000000000e+01,9.140842919834891234e+01
2.400000000000000000e+01,9.556335895239980971e+01
2.500000000000000000e+01,9.971828952686500713e+01
2.600000000000000000e+01,1.038732197437137046e+02
2.700000000000000000e+01,1.080281502761063734e+02
2.800000000000000000e+01,1.121830807243539709e+02
2.900000000000000000e+01,1.163380114250367541e+02
3.000000000000000000e+01,1.204929422940096373e+02
3.100000000000000000e+01,1.246478726370759205e+02
3.200000000000000000e+01,1.288028034008675036e+02
3.300000000000000000e+01,1.329577341436227869e+02
3.400000000000000000e+01,1.371126652019220558e+02
3.500000000000000000e+01,1.412675959446773675e+02
3.600000000000000000e+01,1.454225265822513506e+02
3.700000000000000000e+01,1.495774578719495196e+02
3.800000000000000000e+01,1.537323885095235028e+02
3.900000000000000000e+01,1.578873195047139575e+02
4.000000000000000000e+01,1.620422499529615834e+02
4.100000000000000000e+01,1.661971811164421524e+02
4.200000000000000000e+01,1.703521121747414213e+02
4.300000000000000000e+01,1.745070428754241902e+02
4.400000000000000000e+01,1.786619739126871877e+02
4.500000000000000000e+01,1.828169045502611709e+02
4.600000000000000000e+01,1.869718351878351541e+02
4.700000000000000000e+01,1.911267658254091373e+02
4.800000000000000000e+01,1.952816963578018203e+02
4.900000000000000000e+01,1.994366273950648178e+02
5.000000000000000000e+01,2.035915577381310868e+02
5.100000000000000000e+01,2.077464882074149841e+02
5.200000000000000000e+01,2.119014182559735673e+02
5.300000000000000000e+01,2.160563488935475505e+02
5.400000000000000000e+01,2.202112789841786480e+02
5.500000000000000000e+01,2.243662089696284454e+02
5.600000000000000000e+01,2.285211391444046285e+02
5.700000000000000000e+01,2.326760691298544259e+02
5.800000000000000000e+01,2.368309987787239947e+02
5.900000000000000000e+01,2.409859282803397207e+02
6.000000000000000000e+01,2.451408579923181037e+02
6.100000000000000000e+01,2.492957874308250155e+02
6.200000000000000000e+01,2.534507167220781128e+02
6.300000000000000000e+01,2.576056459502224243e+02
6.400000000000000000e+01,2.617605746314238218e+02
6.500000000000000000e+01,2.659155035019516049e+02
6.600000000000000000e+01,2.700704321410805164e+02
6.700000000000000000e+01,2.742253604225929280e+02
6.800000000000000000e+01,2.783802888934317252e+02
6.900000000000000000e+01,2.825352165859287084e+02
7.000000000000000000e+01,2.866901448464048485e+02
7.100000000000000000e+01,2.908450724337205884e+02
7.200000000000000000e+01,2.950000000000000000e+02
7.300000000000000000e+01,2.950000000000000000e+02
7.400000000000000000e+01,1.924362952681786396e+02
7.500000000000000000e+01,9.239337353601757741e+01
7.600000000000000000e+01,3.224596409196732338e+01
7.700000000000000000e+01,5.894178836870973548e+00
7.800000000000000000e+01,0.000000000000000000e+00
7.900000000000000000e+01,6.450264882423435431e+00
8.000000000000000000e+01,2.350276961378117591e+01
8.100000000000000000e+01,5.113340383235762943e+01
8.200000000000000000e+01,8.020155984908194569e+01
8.300000000000000000e+01,8.538891596895720681e+01
8.400000000000000000e+01,6.020667771305384264e+01
8.500000000000000000e+01,3.266775165368432710e+01
8.600000000000000000e+01,1.494526210202271166e+01
8.700000000000000000e+01,6.267408782457735583e+00
8.800000000000000000e+01,3.171247370182372904e+00
8.900000000000000000e+01,2.665221791094951609e+00
9.000000000000000000e+01,2.993909002742812131e+00
9.100000000000000000e+01,3.397570418934900083e+00
9.200000000000000000e+01,3.660349161975551713e+00
9.300000000000000000e+01,3.784906034978898770e+00
9.400000000000000000e+01,3.826429045454411426e+00
9.500000000000000000e+01,3.831210527064778937e+00
9.600000000000000000e+01,3.825097035676030099e+00
9.700000000000000000e+01,3.818724357887742560e+00
9.800000000000000000e+01,3.814802480188865363e+00
9.900000000000000000e+01,3.813028881356194777e+00
1.000000000000000000e+02,3.812481781779044621e+00
1.010000000000000000e+02,3.812451258992490821e+00
1.020000000000000000e+02,3.812559435348838122e+00
1.030000000000000000e+02,3.812658937384476143e+00
1.040000000000000000e+02,3.812717053956395930e+00
1.050000000000000000e+02,3.812742093506740204e+00
1.060000000000000000e+02,3.812749143714690092e+00
1.070000000000000000e+02,3.812749001555788553e+00
1.080000000000000000e+02,3.812747152032966103e+00
1.090000000000000000e+02,3.812745613623586660e+00
1.100000000000000000e+02,3.812744758475682172e+00
1.110000000000000000e+02,3.812744408252258577e+00
1.120000000000000000e+02,3.812744320009326504e+00
1.130000000000000000e+02,3.812744330816171701e+00
1.140000000000000000e+02,3.812744361644576863e+00
1.150000000000000000e+02,3.812744385218558740e+00
1.160000000000000000e+02,3.812744397712727995e+00
1.170000000000000000e+02,3.812744402560713564e+00
1.180000000000000000e+02,3.812744403621198153e+00
1.190000000000000000e+02,3.812744403334632715e+00
1.200000000000000000e+02,3.812744402830857471e+00
1.210000000000000000e+02,3.812744402472590721e+00
1.220000000000000000e+02,3.812744402291354806e+00
1.230000000000000000e+02,3.812744402225030971e+00
1.240000000000000000e+02,3.812744402213050332e+00
1.250000000000000000e+02,3.812744402219121032e+00
1.260000000000000000e+02,3.812744402227221663e+00
1.270000000000000000e+02,3.812744402232623564e+00
1.280000000000000000e+02,3.812744402235233476e+00
1.290000000000000000e+02,3.812744402236128316e+00
1.300000000000000000e+02,3.812744402236249996e+00
1.310000000000000000e+02,3.812744402236133645e+00
1.320000000000000000e+02,3.812744402236005303e+00
1.330000000000000000e+02,3.812744402235924035e+00
1.340000000000000000e+02,3.812744402235887176e+00
1.350000000000000000e+02,3.812744402235875185e+00
1.360000000000000000e+02,3.812744402235873853e+00
1.370000000000000000e+02,3.812744402235876073e+00
1.380000000000000000e+02,3.812744402235878294e+00
1.390000000000000000e+02,3.812744402235879626e+00
1.400000000000000000e+02,3.812744402235880070e+00
1.410000000000000000e+02,3.812744402235880070e+00
1.420000000000000000e+02,3.812744402235880070e+00
1.430000000000000000e+02,3.812744402235880070e+00
1.440000000000000000e+02,3.812744402235880070e+00
1.450000000000000000e+02,3.812744402235880070e+00
1.460000000000000000e+02,3.812744402235880070e+00
1.470000000000000000e+02,3.812744402235880070e+00
1.480000000000000000e+02,3.812744402235880070e+00
1.490000000000000000e+02,3.812744402235880070e+00
1.500000000000000000e+02,3.812744402235880070e+00
1.510000000000000000e+02,3.812744402235880070e+00
1.520000000000000000e+02,3.812744402235880070e+00
1.530000000000000000e+02,3.812744402235880070e+00
1.540000000000000000e+02,3.812744402235880070e+00
1.550000000000000000e+02,3.812744402235880070e+00
1.560000000000000000e+02,3.812744402235880070e+00
1.570000000000000000e+02,3.812744402235880070e+00
1.580000000000000000e+02,3.812744402235880070e+00
1.590000000000000000e+02,3.812744402235880070e+00
1.600000000000000000e+02,3.812744402235880514e+00
1.610000000000000000e+02,3.812744402235880514e+00
1.620000000000000000e+02,3.812744402235880514e+00
1.630000000000000000e+02,3.812744402235880514e+00
1.640000000000000000e+02,3.812744402235880514e+00
1.650000000000000000e+02,3.812744402235880070e+00
1.660000000000000000e+02,3.812744402235880070e+00
1.670000000000000000e+02,3.812744402235880070e+00
1.680000000000000000e+02,3.812744402235880070e+00
1.690000000000000000e+02,3.812744402235880070e+00
1.700000000000000000e+02,3.812744402235880514e+00
1.710000000000000000e+02,3.812744402235880070e+00
1.720000000000000000e+02,3.812744402235880070e+00
1.730000000000000000e+02,3.812744402235880070e+00
1.740000000000000000e+02,3.812744402235880070e+00
1.750000000000000000e+02,3.812744402235880070e+00
1.760000000000000000e+02,3.812744402235880070e+00
1.770000000000000000e+02,3.812744402235880514e+00
1.780000000000000000e+02,3.812744402235880514e+00
1.790000000000000000e+02,3.812744402235880070e+00
1.800000000000000000e+02,3.812744402235880514e+00
1.810000000000000000e+02,3.812744402235880070e+00
1.820000000000000000e+02,3.812744402235880514e+00
1.830000000000000000e+02,3.812744402235880070e+00
1.840000000000000000e+02,3.812744402235880070e+00
1.850000000000000000e+02,3.812744402235880070e+00
1.860000000000000000e+02,3.812744402235880070e+00
1.870000000000000000e+02,3.812744402235880070e+00
1.880000000000000000e+02,3.812744402235880070e+00
1.890000000000000000e+02,3.812744402235880070e+00
1.900000000000000000e+02,3.812744402235880070e+00
1.910000000000000000e+02,3.812744402235880070e+00
1.920000000000000000e+02,3.812744402235880070e+00
1.930000000000000000e+02,3.812744402235880070e+00
1.940000000000000000e+02,3.812744402235880070e+00
1.950000000000000000e+02,3.812744402235880514e+00
1.960000000000000000e+02,3.812744402235880514e+00
1.970000000000000000e+02,3.812744402235880514e+00
1.980000000000000000e+02,3.812744402235880514e+00
1.990000000000000000e+02,3.812744402235880514e+00
2.000000000000000000e+02,3.812744402235880514e+00
2.010000000000000000e+02,3.812744402235880070e+00
2.020000000000000000e+02,3.812744402235880070e+00
2.030000000000000000e+02,3.812744402235880070e+00
2.040000000000000000e+02,3.812744402235880070e+00
2.050000000000000000e+02,3.812744402235880070e+00
2.060000000000000000e+02,3.812744402235880070e+00
2.070000000000000000e+02,3.812744402235880070e+00
2.080000000000000000e+02,3.812744402235880070e+00
2.090000000000000000e+02,3.812744402235880514e+00
2.100000000000000000e+02,3.812744402235880070e+00
2.110000000000000000e+02,3.812744402235880070e+00
2.120000000000000000e+02,3.812744402235880070e+00
2.130000000000000000e+02,3.812744402235880070e+00
2.140000000000000000e+02,3.812744402235880070e+00
2.150000000000000000e+02,3.812744402235880070e+00
2.160000000000000000e+02,3.812744402235880070e+00
2.170000000000000000e+02,3.812744402235880070e+00
2.180000000000000000e+02,3.812744402235880070e+00
2.190000000000000000e+02,3.812744402235880514e+00
2.200000000000000000e+02,3.812744402235880070e+00
2.210000000000000000e+02,3.812744402235880070e+00
2.220000000000000000e+02,3.812744402235880070e+00
2.230000000000000000e+02,3.812744402235880070e+00
2.240000000000000000e+02,3.812744402235880070e+00
2.250000000000000000e+02,3.812744402235880070e+00
2.260000000000000000e+02,3.812744402235880070e+00
2.270000000000000000e+02,3.812744402235880070e+00
2.280000000000000000e+02,3.812744402235880070e+00
2.290000000000000000e+02,3.812744402235880070e+00
2.300000000000000000e+02,3.812744402235880514e+00
2.310000000000000000e+02,3.812744402235880514e+00
2.320000000000000000e+02,3.812744402235880514e+00
2.330000000000000000e+02,3.812744402235880514e+00
2.340000000000000000e+02,3.812744402235880514e+00
2.350000000000000000e+02,3.812744402235880514e+00
2.360000000000000000e+02,3.812744402235880070e+00
2.370000000000000000e+02,3.812744402235880070e+00
2.380000000000000000e+02,3.812744402235880070e+00
2.390000000000000000e+02,3.812744402235880070e+00
2.400000000000000000e+02,3.812744402235880070e+00
2.410000000000000000e+02,3.812744402235880070e+00
2.420000000000000000e+02,3.812744402235880070e+00
2.430000000000000000e+02,3.812744402235880070e+00
2.440000000000000000e+02,3.812744402235879626e+00
2.450000000000000000e+02,3.812744402235879626e+00
2.460000000000000000e+02,3.812744402235879626e+00
2.470000000000000000e+02,3.812744402235880070e+00
2.480000000000000000e+02,3.812744402235880070e+00
2.490000000000000000e+02,3.812744402235880514e+00
2.500000000000000000e+02,3.812744402235880514e+00
2.510000000000000000e+02,3.812744402235880514e+00
2.520000000000000000e+02,3.812744402235880514e+00
2.530000000000000000e+02,3.812744402235880514e+00
2.540000000000000000e+02,3.812744402235880070e+00
2.550000000000000000e+02,3.812744402235880070e+00
2.560000000000000000e+02,3.812744402235880070e+00
2.570000000000000000e+02,3.812744402235880070e+00
2.580000000000000000e+02,3.812744402235880070e+00
2.590000000000000000e+02,3.812744402235880070e+00
2.600000000000000000e+02,3.812744402235880070e+00
2.610000000000000000e+02,3.812744402235880070e+00
2.620000000000000000e+02,3.812744402235880070e+00
2.630000000000000000e+02,3.812744402235880070e+00
2.640000000000000000e+02,3.812744402235880070e+00
2.650000000000000000e+02,3.812744402235880070e+00
2.660000000000000000e+02,3.812744402235880070e+00
2.670000000000000000e+02,3.812744402235880070e+00
2.680000000000000000e+02,3.812744402235880070e+00
2.690000000000000000e+02,3.812744402235880070e+00
2.700000000000000000e+02,3.812744402235880070e+00
2.710000000000000000e+02,3.812744402235880070e+00
2.720000000000000000e+02,3.812744402235880070e+00
2.730000000000000000e+02,3.812744402235880070e+00
2.740000000000000000e+02,3.812744402235880070e+00
2.750000000000000000e+02,3.812744402235880070e+00
2.760000000000000000e+02,3.812744402235880070e+00
2.770000000000000000e+02,3.812744402235880070e+00
2.780000000000000000e+02,3.812744402235880070e+00
2.790000000000000000e+02,3.812744402235880070e+00
2.800000000000000000e+02,3.812744402235880070e+00
2.810000000000000000e+02,3.812744402235880070e+00
2.820000000000000000e+02,3.812744402235880070e+00
2.830000000000000000e+02,3.812744402235880070e+00
2.840000000000000000e+02,3.812744402235880070e+00
2.850000000000000000e+02,3.812744402235880070e+00
2.860000000000000000e+02,3.812744402235880514e+00
2.870000000000000000e+02,3.812744402235880514e+00
2.880000000000000000e+02,3.812744402235880514e+00
2.890000000000000000e+02,3.812744402235880514e+00
2.900000000000000000e+02,3.812744402235880514e+00
2.910000000000000000e+02,3.812744402235880070e+00
2.920000000000000000e+02,3.812744402235880070e+00
2.930000000000000000e+02,3.812744402235880070e+00
2.940000000000000000e+02,3.812744402235880070e+00
2.950000000000000000e+02,3.812744402235880070e+00
2.960000000000000000e+02,3.812744402235880070e+00
2.970000000000000000e+02,3.812744402235880070e+00
2.980000000000000000e+02,3.812744402235880070e+00
2.990000000000000000e+02,3.812744402235880070e+00
3.000000000000000000e+02,3.812744402235880070e+00
3.010000000000000000e+02,3.812744402235880070e+00
3.020000000000000000e+02,3.812744402235880070e+00
3.030000000000000000e+02,3.812744402235880070e+00
3.040000000000000000e+02,3.812744402235880070e+00
3.050000000000000000e+02,3.812744402235880070e+00
3.060000000000000000e+02,3.812744402235880070e+00
3.070000000000000000e+02,3.812744402235880070e+00
3.080000000000000000e+02,3.812744402235880070e+00
3.090000000000000000e+02,3.812744402235880070e+00
3.100000000000000000e+02,3.812744402235880070e+00
3.110000000000000000e+02,3.812744402235880070e+00
3.120000000000000000e+02,3.812744402235880070e+00
3.130000000000000000e+02,3.812744402235880070e+00
3.140000000000000000e+02,3.812744402235880070e+00
3.150000000000000000e+02,3.812744402235880070e+00
3.160000000000000000e+02,3.812744402235880070e+00
3.170000000000000000e+02,3.812744402235880070e+00
3.180000000000000000e+02,3.812744402235880070e+00
3.190000000000000000e+02,3.812744402235880070e+00
3.200000000000000000e+02,3.812744402235880070e+00
3.210000000000000000e+02,3.812744402235880514e+00
3.220000000000000000e+02,3.812744402235880514e+00
3.230000000000000000e+02,3.812744402235880514e+00
3.240000000000000000e+02,3.812744402235880514e+00
3.250000000000000000e+02,3.812744402235880514e+00
3.260000000000000000e+02,3.812744402235880070e+00
3.270000000000000000e+02,3.812744402235880070e+00
3.280000000000000000e+02,3.812744402235880070e+00
3.290000000000000000e+02,3.812744402235880070e+00
3.300000000000000000e+02,3.812744402235880514e+00
3.310000000000000000e+02,3.812744402235880070e+00
3.320000000000000000e+02,3.812744402235880070e+00
3.330000000000000000e+02,3.812744402235880514e+00
3.340000000000000000e+02,3.812744402235880514e+00
3.350000000000000000e+02,3.812744402235880070e+00
3.360000000000000000e+02,3.812744402235880070e+00
3.370000000000000000e+02,3.812744402235880070e+00
3.380000000000000000e+02,3.812744402235880070e+00
3.390000000000000000e+02,3.812744402235880070e+00
3.400000000000000000e+02,3.812744402235880070e+00
3.410000000000000000e+02,3.812744402235880070e+00
3.420000000000000000e+02,3.812744402235880070e+00
3.430000000000000000e+02,3.812744402235880070e+00
3.440000000000000000e+02,3.812744402235880070e+00
3.450000000000000000e+02,3.812744402235880514e+00
3.460000000000000000e+02,3.812744402235880514e+00
3.470000000000000000e+02,3.812744402235880514e+00
3.480000000000000000e+02,3.812744402235880070e+00
3.490000000000000000e+02,3.812744402235880070e+00
3.500000000000000000e+02,3.812744402235880070e+00
3.510000000000000000e+02,3.812744402235880070e+00
3.520000000000000000e+02,3.812744402235880070e+00
3.530000000000000000e+02,3.812744402235880070e+00
3.540000000000000000e+02,3.812744402235880070e+00
3.550000000000000000e+02,3.812744402235880070e+00
3.560000000000000000e+02,3.812744402235880070e+00
3.570000000000000000e+02,3.812744402235880070e+00
3.580000000000000000e+02,3.812744402235880514e+00
3.590000000000000000e+02,3.812744402235880514e+00
3.600000000000000000e+02,3.812744402235880514e+00
3.610000000000000000e+02,3.812744402235880514e+00
3.620000000000000000e+02,3.812744402235880514e+00
3.630000000000000000e+02,3.812744402235880514e+00
3.640000000000000000e+02,3.812744402235880070e+00
3.650000000000000000e+02,3.812744402235880070e+00
3.660000000000000000e+02,3.812744402235880070e+00
3.670000000000000000e+02,3.812744402235880070e+00
3.680000000000000000e+02,3.812744402235880070e+00
3.690000000000000000e+02,3.812744402235880070e+00
3.700000000000000000e+02,3.812744402235880070e+00
3.710000000000000000e+02,3.812744402235880514e+00
3.720000000000000000e+02,3.812744402235880070e+00
3.730000000000000000e+02,3.812744402235880070e+00
3.740000000000000000e+02,3.812744402235880070e+00
3.750000000000000000e+02,3.812744402235880070e+00
3.760000000000000000e+02,3.812744402235880070e+00
3.770000000000000000e+02,3.812744402235880070e+00
3.780000000000000000e+02,3.812744402235880070e+00
3.790000000000000000e+02,3.812744402235880070e+00
3.800000000000000000e+02,3.812744402235880070e+00
3.810000000000000000e+02,3.812744402235880070e+00
3.820000000000000000e+02,3.812744402235880070e+00
3.830000000000000000e+02,3.812744402235880070e+00
3.840000000000000000e+02,3.812744402235880070e+00
3.850000000000000000e+02,3.812744402235880070e+00
3.860000000000000000e+02,3.812744402235880070e+00
3.870000000000000000e+02,3.812744402235880070e+00
3.880000000000000000e+02,3.812744402235880070e+00
3.890000000000000000e+02,3.812744402235880070e+00
3.900000000000000000e+02,3.812744402235880070e+00
3.910000000000000000e+02,3.812744402235880070e+00
3.920000000000000000e+02,3.812744402235880070e+00
3.930000000000000000e+02,3.812744402235880514e+00
3.940000000000000000e+02,3.812744402235880514e+00
3.950000000000000000e+02,3.812744402235880514e+00
3.960000000000000000e+02,3.812744402235880514e+00
3.970000000000000000e+02,3.812744402235880070e+00
3.980000000000000000e+02,3.812744402235880514e+00
3.990000000000000000e+02,3.812744402235880070e+00
4.000000000000000000e+02,3.812744402235880070e+00
4.010000000000000000e+02,3.812744402235880070e+00
4.020000000000000000e+02,3.812744402235880070e+00
4.030000000000000000e+02,3.812744402235880070e+00
4.040000000000000000e+02,3.812744402235880070e+00
4.050000000000000000e+02,3.812744402235880070e+00
4.060000000000000000e+02,3.812744402235880070e+00
4.070000000000000000e+02,3.812744402235880070e+00
4.080000000000000000e+02,3.812744402235880514e+00
4.090000000000000000e+02,3.812744402235880070e+00
4.100000000000000000e+02,3.812744402235880070e+00
4.110000000000000000e+02,3.812744402235880514e+00
4.120000000000000000e+02,3.812744402235880070e+00
4.130000000000000000e+02,3.812744402235880070e+00
4.140000000000000000e+02,3.812744402235880070e+00
4.150000000000000000e+02,3.812744402235880070e+00
4.160000000000000000e+02,3.812744402235880070e+00
4.170000000000000000e+02,3.812744402235880070e+00
4.180000000000000000e+02,3.812744402235880070e+00
4.190000000000000000e+02,3.812744402235880070e+00
4.200000000000000000e+02,3.812744402235880070e+00
4.210000000000000000e+02,3.812744402235880070e+00
4.220000000000000000e+02,3.812744402235880070e+00
4.230000000000000000e+02,3.812744402235880070e+00
4.240000000000000000e+02,3.812744402235880070e+00
4.250000000000000000e+02,3.812744402235880070e+00
4.260000000000000000e+02,3.812744402235880070e+00
4.270000000000000000e+02,3.812744402235880070e+00
4.280000000000000000e+02,3.812744402235880514e+00
4.290000000000000000e+02,3.812744402235880514e+00
4.300000000000000000e+02,3.812744402235880514e+00
4.310000000000000000e+02,3.812744402235880514e+00
4.320000000000000000e+02,3.812744402235880514e+00
4.330000000000000000e+02,3.812744402235880514e+00
4.340000000000000000e+02,3.812744402235880514e+00
4.350000000000000000e+02,3.812744402235880070e+00
4.360000000000000000e+02,3.812744402235880514e+00
4.370000000000000000e+02,3.812744402235880514e+00
4.380000000000000000e+02,3.812744402235880070e+00
4.390000000000000000e+02,3.812744402235880070e+00
4.400000000000000000e+02,3.812744402235880070e+00
4.410000000000000000e+02,3.812744402235880070e+00
4.420000000000000000e+02,3.812744402235880070e+00
4.430000000000000000e+02,3.812744402235880070e+00
4.440000000000000000e+02,3.812744402235880070e+00
4.450000000000000000e+02,3.812744402235880070e+00
4.460000000000000000e+02,3.812744402235880070e+00
4.470000000000000000e+02,3.812744402235880070e+00
4.480000000000000000e+02,3.812744402235880070e+00
4.490000000000000000e+02,3.812744402235880070e+00
4.500000000000000000e+02,3.812744402235880070e+00
4.510000000000000000e+02,3.812744402235880070e+00
4.520000000000000000e+02,3.812744402235880070e+00
4.530000000000000000e+02,3.812744402235880070e+00
4.540000000000000000e+02,3.812744402235880514e+00
4.550000000000000000e+02,3.812744402235880070e+00
4.560000000000000000e+02,3.812744402235880070e+00
4.570000000000000000e+02,3.812744402235880070e+00
4.580000000000000000e+02,3.812744402235880070e+00
4.590000000000000000e+02,3.812744402235880070e+00
4.600000000000000000e+02,3.812744402235880514e+00
4.610000000000000000e+02,3.812744402235880070e+00
4.620000000000000000e+02,3.812744402235880070e+00
4.630000000000000000e+02,3.812744402235880070e+00
4.640000000000000000e+02,3.812744402235880070e+00
4.650000000000000000e+02,3.812744402235880514e+00
4.660000000000000000e+02,3.812744402235880514e+00
4.670000000000000000e+02,3.812744402235880958e+00
4.680000000000000000e+02,3.812744402235880514e+00
4.690000000000000000e+02,3.812744402235880514e+00
4.700000000000000000e+02,3.812744402235880514e+00
4.710000000000000000e+02,3.812744402235880070e+00
4.720000000000000000e+02,3.812744402235880070e+00
4.730000000000000000e+02,3.812744402235880070e+00
4.740000000000000000e+02,3.812744402235880070e+00
4.750000000000000000e+02,3.812744402235880514e+00
4.760000000000000000e+02,3.812744402235880070e+00
4.770000000000000000e+02,3.812744402235880070e+00
4.780000000000000000e+02,3.812744402235880070e+00
4.790000000000000000e+02,3.812744402235880070e+00
4.800000000000000000e+02,3.812744402235880070e+00
4.810000000000000000e+02,3.812744402235880070e+00
4.820000000000000000e+02,3.812744402235880070e+00
4.830000000000000000e+02,3.812744402235880070e+00
4.840000000000000000e+02,3.812744402235880070e+00
4.850000000000000000e+02,3.812744402235880070e+00
4.860000000000000000e+02,3.812744402235880070e+00
4.870000000000000000e+02,3.812744402235880514e+00
4.880000000000000000e+02,3.812744402235880514e+00
4.890000000000000000e+02,3.812744402235880514e+00
4.900000000000000000e+02,3.812744402235880514e+00
4.910000000000000000e+02,3.812744402235879626e+00
4.920000000000000000e+02,3.812744402235879626e+00
4.930000000000000000e+02,3.812744402235880514e+00
4.940000000000000000e+02,3.812744402235880514e+00
4.950000000000000000e+02,3.812744402235879626e+00
4.960000000000000000e+02,3.812744402235879626e+00
4.970000000000000000e+02,3.812744402235880514e+00
4.980000000000000000e+02,3.812744402235880514e+00
4.990000000000000000e+02,3.812744402235880070e+00
5.000000000000000000e+02,3.812744402235880070e+00
5.010000000000000000e+02,3.812744402235880514e+00
5.020000000000000000e+02,3.812744402235881847e+00
5.030000000000000000e+02,3.812744402235880514e+00
5.040000000000000000e+02,3.812744402235880070e+00
5.050000000000000000e+02,3.812744402235879626e+00
5.060000000000000000e+02,3.812744402235880514e+00
5.070000000000000000e+02,3.812744402235880514e+00
5.080000000000000000e+02,3.812744402235880070e+00
5.090000000000000000e+02,3.812744402235880070e+00
5.100000000000000000e+02,3.812744402235880514e+00
5.110000000000000000e+02,3.812744402235880514e+00
5.120000000000000000e+02,3.812744402235879626e+00
5.130000000000000000e+02,3.812744402235879626e+00
5.140000000000000000e+02,3.812744402235880514e+00
5.150000000000000000e+02,3.812744402235880514e+00
5.160000000000000000e+02,3.812744402235879626e+00
5.170000000000000000e+02,3.812744402235879626e+00
5.180000000000000000e+02,3.812744402235880514e+00
5.190000000000000000e+02,3.812744402235880514e+00
5.200000000000000000e+02,3.812744402235879626e+00
5.210000000000000000e+02,3.812744402235879626e+00
5.220000000000000000e+02,3.812744402235880514e+00
5.230000000000000000e+02,3.812744402235880514e+00
5.240000000000000000e+02,3.812744402235879626e+00
5.250000000000000000e+02,3.812744402235880070e+00
5.260000000000000000e+02,3.812744402235880514e+00
5.270000000000000000e+02,3.812744402235880514e+00
5.280000000000000000e+02,3.812744402235880070e+00
5.290000000000000000e+02,3.812744402235879626e+00
5.300000000000000000e+02,3.812744402235880514e+00
5.310000000000000000e+02,3.812744402235880514e+00
5.320000000000000000e+02,3.812744402235880070e+00
5.330000000000000000e+02,3.812744402235879626e+00
5.340000000000000000e+02,3.812744402235880514e+00
5.350000000000000000e+02,3.812744402235880514e+00
5.360000000000000000e+02,3.812744402235879626e+00
5.370000000000000000e+02,3.812744402235880070e+00
5.380000000000000000e+02,3.812744402235880514e+00
5.390000000000000000e+02,3.812744402235881847e+00
5.400000000000000000e+02,3.812744402235880514e+00
5.410000000000000000e+02,3.812744402235880070e+00
5.420000000000000000e+02,3.812744402235879626e+00
5.430000000000000000e+02,3.812744402235880514e+00
5.440000000000000000e+02,3.812744402235880514e+00
5.450000000000000000e+02,3.812744402235879626e+00
5.460000000000000000e+02,3.812744402235879626e+00
5.470000000000000000e+02,3.812744402235880514e+00
5.480000000000000000e+02,3.812744402235880514e+00
5.490000000000000000e+02,3.812744402235879626e+00
5.500000000000000000e+02,3.812744402235879626e+00
5.510000000000000000e+02,3.812744402235880514e+00
5.520000000000000000e+02,3.812744402235880514e+00
5.530000000000000000e+02,3.812744402235879626e+00
5.540000000000000000e+02,3.812744402235879626e+00
5.550000000000000000e+02,3.812744402235880514e+00
5.560000000000000000e+02,3.812744402235880514e+00
5.570000000000000000e+02,3.812744402235879626e+00
5.580000000000000000e+02,3.812744402235879626e+00
5.590000000000000000e+02,3.812744402235880514e+00
5.600000000000000000e+02,3.812744402235880514e+00
5.610000000000000000e+02,3.812744402235879626e+00
5.620000000000000000e+02,3.812744402235880070e+00
5.630000000000000000e+02,3.812744402235880514e+00
5.640000000000000000e+02,3.812744402235880514e+00
5.650000000000000000e+02,3.812744402235879626e+00
5.660000000000000000e+02,3.812744402235879626e+00
5.670000000000000000e+02,3.812744402235880514e+00
5.680000000000000000e+02,3.812744402235880514e+00
5.690000000000000000e+02,3.812744402235879626e+00
5.700000000000000000e+02,3.812744402235879626e+00
5.710000000000000000e+02,3.812744402235880514e+00
5.720000000000000000e+02,3.812744402235880514e+00
5.730000000000000000e+02,3.812744402235879626e+00
5.740000000000000000e+02,3.812744402235880070e+00
5.750000000000000000e+02,3.812744402235880514e+00
5.760000000000000000e+02,3.812744402235881847e+00
5.770000000000000000e+02,3.812744402235880514e+00
5.780000000000000000e+02,3.812744402235880070e+00
5.790000000000000000e+02,3.812744402235880070e+00
5.800000000000000000e+02,3.812744402235880514e+00
5.810000000000000000e+02,3.812744402235880514e+00
5.820000000000000000e+02,3.812744402235879626e+00
5.830000000000000000e+02,3.812744402235879626e+00
5.840000000000000000e+02,3.812744402235880514e+00
5.850000000000000000e+02,3.812744402235880514e+00
5.860000000000000000e+02,3.812744402235879626e+00
5.870000000000000000e+02,3.812744402235879626e+00
5.880000000000000000e+02,3.812744402235880514e+00
5.890000000000000000e+02,3.812744402235880514e+00
5.900000000000000000e+02,3.812744402235880070e+00
5.910000000000000000e+02,3.812744402235880070e+00
5.920000000000000000e+02,3.812744402235880514e+00
5.930000000000000000e+02,3.812744402235880514e+00
5.940000000000000000e+02,3.812744402235879626e+00
5.950000000000000000e+02,3.812744402235879626e+00
5.960000000000000000e+02,3.812744402235880514e+00
5.970000000000000000e+02,3.812744402235880514e+00
5.980000000000000000e+02,3.812744402235879626e+00
5.990000000000000000e+02,3.812744402235879626e+00
6.000000000000000000e+02,3.812744402235880514e+00
6.010000000000000000e+02,3.812744402235880514e+00
6.020000000000000000e+02,3.812744402235880070e+00
6.030000000000000000e+02,3.812744402235880070e+00
6.040000000000000000e+02,3.812744402235880514e+00
6.050000000000000000e+02,3.812744402235880514e+00
6.060000000000000000e+02,3.812744402235880070e+00
6.070000000000000000e+02,3.812744402235880070e+00
6.080000000000000000e+02,3.812744402235880514e+00
6.090000000000000000e+02,3.812744402235880514e+00
6.100000000000000000e+02,3.812744402235880070e+00
6.110000000000000000e+02,3.812744402235880070e+00
6.120000000000000000e+02,3.812744402235880514e+00
6.130000000000000000e+02,3.812744402235881847e+00
6.140000000000000000e+02,3.812744402235880514e+00
6.150000000000000000e+02,3.812744402235879626e+00
6.160000000000000000e+02,3.812744402235880070e+00
6.170000000000000000e+02,3.812744402235880514e+00
6.180000000000000000e+02,3.812744402235880514e+00
6.190000000000000000e+02,3.812744402235879626e+00
6.200000000000000000e+02,3.812744402235879626e+00
6.210000000000000000e+02,3.812744402235880514e+00
6.220000000000000000e+02,3.812744402235880514e+00
6.230000000000000000e+02,3.812744402235880070e+00
6.240000000000000000e+02,3.812744402235879626e+00
6.250000000000000000e+02,3.812744402235880514e+00
6.260000000000000000e+02,3.812744402235880514e+00
6.270000000000000000e+02,3.812744402235879626e+00
6.280000000000000000e+02,3.812744402235879626e+00
6.290000000000000000e+02,3.812744402235880514e+00
6.300000000000000000e+02,3.812744402235880514e+00
6.310000000000000000e+02,3.812744402235879626e+00
6.320000000000000000e+02,3.812744402235880070e+00
6.330000000000000000e+02,3.812744402235880514e+00
6.340000000000000000e+02,3.812744402235880514e+00
6.350000000000000000e+02,3.812744402235879626e+00
6.360000000000000000e+02,3.812744402235880070e+00
6.370000000000000000e+02,3.812744402235880514e+00
6.380000000000000000e+02,3.812744402235880514e+00
6.390000000000000000e+02,3.812744402235879626e+00
6.400000000000000000e+02,3.812744402235879626e+00
6.410000000000000000e+02,3.812744402235880514e+00
6.420000000000000000e+02,3.812744402235880514e+00
6.430000000000000000e+02,3.812744402235880070e+00
6.440000000000000000e+02,3.812744402235880070e+00
6.450000000000000000e+02,3.812744402235880514e+00
6.460000000000000000e+02,3.812744402235880958e+00
6.470000000000000000e+02,3.812744402235880958e+00
6.480000000000000000e+02,3.812744402235880070e+00
6.490000000000000000e+02,3.812744402235880070e+00
6.500000000000000000e+02,3.812744402235880514e+00
6.510000000000000000e+02,3.812744402235880514e+00
6.520000000000000000e+02,3.812744402235879626e+00
6.530000000000000000e+02,3.812744402235880070e+00
6.540000000000000000e+02,3.812744402235880514e+00
6.550000000000000000e+02,3.812744402235880514e+00
6.560000000000000000e+02,3.812744402235879626e+00
6.570000000000000000e+02,3.812744402235880070e+00
6.580000000000000000e+02,3.812744402235880514e+00
6.590000000000000000e+02,3.812744402235880514e+00
6.600000000000000000e+02,3.812744402235879626e+00
6.610000000000000000e+02,3.812744402235880070e+00
6.620000000000000000e+02,3.812744402235880514e+00
6.630000000000000000e+02,3.812744402235880514e+00
6.640000000000000000e+02,3.812744402235879626e+00
6.650000000000000000e+02,3.812744402235879626e+00
6.660000000000000000e+02,3.812744402235880514e+00
6.670000000000000000e+02,3.812744402235880070e+00
6.680000000000000000e+02,3.812744402235880070e+00
6.690000000000000000e+02,3.812744402235879626e+00
6.700000000000000000e+02,3.812744402235880514e+00
6.710000000000000000e+02,3.812744402235880514e+00
6.720000000000000000e+02,3.812744402235880070e+00
6.730000000000000000e+02,3.812744402235879626e+00
6.740000000000000000e+02,3.812744402235880514e+00
6.750000000000000000e+02,3.812744402235880514e+00
6.760000000000000000e+02,3.812744402235880070e+00
6.770000000000000000e+02,3.812744402235879626e+00
6.780000000000000000e+02,3.812744402235880070e+00
6.790000000000000000e+02,3.812744402235880514e+00
6.800000000000000000e+02,3.812744402235880070e+00
6.810000000000000000e+02,3.812744402235880070e+00
6.820000000000000000e+02,3.812744402235881847e+00
6.830000000000000000e+02,3.812744402235884067e+00
6.840000000000000000e+02,3.812744402235884067e+00
6.850000000000000000e+02,3.812744402235882735e+00
6.860000000000000000e+02,3.812744402235876073e+00
6.870000000000000000e+02,3.812744402235856089e+00
6.880000000000000000e+02,3.812744402235812569e+00
6.890000000000000000e+02,3.812744402235741958e+00
6.900000000000000000e+02,3.812744402235678010e+00
6.910000000000000000e+02,3.812744402235742847e+00
6.920000000000000000e+02,3.812744402236226460e+00
6.930000000000000000e+02,3.812744402237640884e+00
6.940000000000000000e+02,3.812744402240577646e+00
6.950000000000000000e+02,3.812744402244996333e+00
6.960000000000000000e+02,3.812744402248346542e+00
6.970000000000000000e+02,3.812744402241951214e+00
6.980000000000000000e+02,3.812744402206096783e+00
6.990000000000000000e+02,3.812744402107791863e+00
7.000000000000000000e+02,3.812744401912963710e+00
7.010000000000000000e+02,3.812744401637981895e+00
7.020000000000000000e+02,3.812744401478592060e+00
7.030000000000000000e+02,3.812744402047140380e+00
7.040000000000000000e+02,3.812744404669724307e+00
7.050000000000000000e+02,3.812744411449561444e+00
7.060000000000000000e+02,3.812744424274901789e+00
7.070000000000000000e+02,3.812744441118647742e+00
7.080000000000000000e+02,3.812744447246688928e+00
7.090000000000000000e+02,3.812744399808703388e+00
7.100000000000000000e+02,3.812744210235365472e+00
7.110000000000000000e+02,3.812743746015413659e+00
7.120000000000000000e+02,3.812742908655128105e+00
7.130000000000000000e+02,3.812741896900361471e+00
7.140000000000000000e+02,3.812741801986605950e+00
7.150000000000000000e+02,3.812745599209198311e+00
7.160000000000000000e+02,3.812759160273087478e+00
7.170000000000000000e+02,3.812790721314813336e+00
7.180000000000000000e+02,3.812844908336729954e+00
7.190000000000000000e+02,3.812904178966957769e+00
7.200000000000000000e+02,3.812888804836750634e+00
7.210000000000000000e+02,3.812593726926942317e+00
7.220000000000000000e+02,3.811632698404118447e+00
7.230000000000000000e+02,3.809502035643380857e+00
7.240000000000000000e+02,3.806029611176677374e+00
7.250000000000000000e+02,3.802672561112163674e+00
7.260000000000000000e+02,3.805188256577351602e+00
7.270000000000000000e+02,3.827608087670621995e+00
7.280000000000000000e+02,3.895130225602812413e+00
7.290000000000000000e+02,4.037948312960320862e+00
